CustomerID,classes
12346.0,17
12347.0,1
12348.0,1
12349.0,1
12350.0,1
12352.0,1
12353.0,1
12354.0,1
12355.0,1
12356.0,1
12357.0,1
12358.0,1
12359.0,1
12360.0,1
12361.0,1
12362.0,1
12363.0,1
12364.0,1
12365.0,1
12367.0,1
12370.0,1
12371.0,1
12372.0,1
12373.0,1
12374.0,1
12375.0,1
12377.0,1
12378.0,1
12379.0,1
12380.0,1
12381.0,1
12383.0,1
12384.0,1
12386.0,1
12388.0,1
12390.0,1
12391.0,1
12393.0,1
12394.0,1
12395.0,1
12397.0,1
12398.0,1
12399.0,1
12401.0,1
12402.0,1
12403.0,1
12405.0,1
12406.0,1
12407.0,1
12408.0,1
12409.0,1
12410.0,1
12412.0,1
12413.0,1
12414.0,1
12415.0,13
12417.0,1
12418.0,1
12420.0,1
12421.0,1
12422.0,1
12423.0,1
12424.0,1
12425.0,1
12426.0,1
12427.0,1
12428.0,1
12429.0,1
12430.0,1
12431.0,1
12432.0,1
12433.0,1
12434.0,1
12435.0,1
12436.0,1
12437.0,1
12438.0,1
12441.0,1
12442.0,1
12444.0,1
12445.0,1
12446.0,1
12447.0,1
12448.0,1
12449.0,1
12450.0,1
12451.0,1
12452.0,1
12453.0,1
12454.0,1
12455.0,1
12456.0,1
12457.0,1
12458.0,1
12461.0,1
12462.0,1
12463.0,1
12464.0,1
12465.0,1
12468.0,1
12471.0,1
12472.0,1
12473.0,1
12474.0,1
12475.0,1
12476.0,1
12477.0,1
12478.0,1
12479.0,1
12480.0,1
12481.0,1
12483.0,1
12484.0,1
12488.0,1
12489.0,1
12490.0,1
12491.0,1
12492.0,1
12493.0,1
12494.0,1
12497.0,1
12498.0,1
12500.0,1
12501.0,1
12502.0,1
12503.0,1
12504.0,1
12505.0,1
12506.0,1
12507.0,1
12508.0,1
12509.0,1
12510.0,1
12512.0,1
12513.0,1
12514.0,1
12515.0,1
12516.0,1
12517.0,1
12518.0,1
12519.0,1
12520.0,1
12521.0,1
12522.0,1
12523.0,1
12524.0,1
12526.0,1
12527.0,1
12528.0,1
12530.0,1
12531.0,1
12532.0,1
12534.0,1
12535.0,1
12536.0,1
12538.0,1
12539.0,1
12540.0,1
12541.0,1
12544.0,1
12545.0,1
12546.0,1
12547.0,1
12548.0,1
12550.0,1
12551.0,1
12552.0,1
12553.0,1
12556.0,1
12557.0,1
12558.0,1
12559.0,1
12560.0,1
12561.0,1
12562.0,1
12564.0,1
12565.0,1
12566.0,1
12567.0,1
12569.0,1
12571.0,1
12572.0,1
12573.0,1
12574.0,1
12576.0,1
12577.0,1
12578.0,1
12579.0,1
12580.0,1
12581.0,1
12582.0,1
12583.0,1
12584.0,1
12585.0,1
12586.0,1
12587.0,1
12588.0,1
12589.0,1
12590.0,1
12591.0,1
12592.0,1
12593.0,1
12594.0,1
12596.0,1
12597.0,1
12598.0,1
12599.0,1
12600.0,1
12601.0,1
12602.0,1
12603.0,1
12604.0,1
12605.0,1
12607.0,1
12609.0,1
12610.0,1
12611.0,1
12612.0,1
12613.0,1
12614.0,1
12615.0,1
12616.0,1
12617.0,1
12618.0,1
12619.0,1
12620.0,1
12621.0,1
12622.0,1
12623.0,1
12624.0,1
12625.0,1
12626.0,1
12627.0,1
12628.0,1
12630.0,1
12631.0,1
12633.0,1
12635.0,1
12637.0,1
12638.0,1
12639.0,1
12640.0,1
12641.0,1
12642.0,1
12643.0,1
12644.0,1
12645.0,1
12646.0,1
12647.0,1
12648.0,1
12649.0,1
12650.0,1
12651.0,1
12652.0,1
12653.0,1
12654.0,1
12656.0,1
12657.0,1
12658.0,1
12659.0,1
12660.0,1
12662.0,1
12664.0,1
12665.0,1
12666.0,1
12667.0,1
12668.0,1
12669.0,1
12670.0,1
12672.0,1
12673.0,1
12674.0,1
12676.0,1
12678.0,1
12679.0,1
12680.0,1
12681.0,1
12682.0,1
12683.0,1
12684.0,1
12685.0,1
12686.0,1
12688.0,1
12689.0,1
12690.0,1
12691.0,1
12693.0,1
12694.0,1
12695.0,1
12697.0,1
12700.0,1
12701.0,1
12702.0,1
12703.0,1
12704.0,1
12705.0,1
12707.0,1
12708.0,1
12709.0,1
12710.0,1
12712.0,1
12713.0,1
12714.0,1
12715.0,1
12716.0,1
12717.0,1
12718.0,1
12719.0,1
12720.0,1
12721.0,1
12722.0,1
12723.0,1
12724.0,1
12725.0,1
12726.0,1
12727.0,1
12728.0,1
12729.0,1
12731.0,1
12732.0,1
12733.0,1
12734.0,1
12735.0,1
12736.0,1
12738.0,1
12739.0,1
12740.0,1
12743.0,1
12744.0,1
12747.0,21
12748.0,17
12749.0,17
12750.0,1
12752.0,1
12753.0,1
12754.0,1
12755.0,1
12756.0,1
12757.0,1
12758.0,1
12759.0,1
12762.0,1
12763.0,1
12764.0,1
12766.0,1
12769.0,1
12770.0,1
12772.0,1
12775.0,1
12778.0,1
12779.0,1
12781.0,1
12782.0,1
12783.0,1
12784.0,1
12785.0,1
12787.0,1
12789.0,1
12790.0,1
12791.0,1
12792.0,1
12793.0,1
12794.0,1
12795.0,1
12797.0,1
12798.0,1
12802.0,1
12808.0,1
12809.0,1
12811.0,1
12812.0,1
12814.0,1
12815.0,1
12816.0,1
12817.0,1
12818.0,1
12820.0,21
12821.0,17
12822.0,17
12823.0,1
12824.0,17
12826.0,21
12827.0,17
12828.0,17
12829.0,21
12830.0,0
12831.0,17
12832.0,17
12833.0,17
12834.0,17
12836.0,17
12837.0,17
12838.0,17
12839.0,0
12840.0,17
12841.0,17
12842.0,21
12843.0,17
12844.0,17
12845.0,17
12847.0,17
12849.0,21
12851.0,17
12852.0,17
12853.0,17
12854.0,17
12855.0,17
12856.0,17
12857.0,17
12863.0,1
12864.0,17
12865.0,1
12866.0,1
12867.0,17
12868.0,17
12870.0,17
12871.0,13
12872.0,17
12873.0,17
12875.0,13
12876.0,1
12877.0,17
12878.0,21
12879.0,21
12881.0,17
12882.0,17
12883.0,17
12884.0,17
12885.0,17
12886.0,17
12888.0,21
12890.0,17
12891.0,1
12893.0,17
12895.0,17
12897.0,1
12901.0,0
12902.0,17
12904.0,17
12906.0,17
12908.0,17
12909.0,17
12910.0,21
12912.0,17
12913.0,21
12915.0,13
12916.0,17
12917.0,0
12919.0,21
12920.0,17
12921.0,0
12922.0,17
12923.0,17
12924.0,21
12925.0,17
12928.0,21
12929.0,13
12930.0,21
12931.0,17
12933.0,17
12935.0,17
12936.0,17
12937.0,17
12938.0,17
12939.0,0
12940.0,17
12942.0,21
12943.0,17
12944.0,13
12945.0,17
12947.0,17
12948.0,17
12949.0,17
12950.0,0
12951.0,21
12952.0,17
12953.0,17
12955.0,0
12956.0,17
12957.0,17
12962.0,21
12963.0,21
12965.0,17
12966.0,17
12967.0,13
12968.0,17
12970.0,17
12971.0,0
12974.0,17
12976.0,17
12977.0,17
12980.0,0
12981.0,21
12982.0,17
12984.0,17
12985.0,17
12987.0,21
12988.0,17
12989.0,0
12990.0,13
12991.0,17
12993.0,13
12994.0,21
12995.0,17
12997.0,21
12999.0,17
13000.0,21
13001.0,0
13002.0,17
13003.0,13
13004.0,0
13005.0,17
13006.0,17
13008.0,17
13011.0,17
13012.0,17
13013.0,0
13014.0,17
13015.0,17
13016.0,17
13017.0,0
13018.0,0
13021.0,17
13023.0,17
13026.0,21
13027.0,1
13028.0,17
13029.0,1
13030.0,21
13032.0,17
13033.0,17
13034.0,21
13035.0,21
13037.0,17
13038.0,21
13040.0,17
13043.0,17
13044.0,17
13045.0,17
13046.0,21
13047.0,17
13048.0,17
13049.0,13
13050.0,0
13052.0,17
13055.0,17
13058.0,13
13059.0,17
13060.0,17
13061.0,17
13062.0,17
13064.0,21
13065.0,17
13066.0,17
13067.0,17
13068.0,13
13069.0,17
13070.0,17
13072.0,17
13075.0,17
13077.0,21
13078.0,0
13079.0,13
13080.0,17
13081.0,17
13082.0,21
13083.0,21
13085.0,21
13089.0,17
13090.0,0
13091.0,17
13092.0,13
13093.0,0
13094.0,13
13095.0,17
13097.0,0
13098.0,17
13099.0,0
13101.0,17
13102.0,0
13103.0,17
13104.0,13
13106.0,17
13107.0,21
13108.0,17
13109.0,21
13110.0,17
13113.0,0
13115.0,17
13116.0,17
13117.0,21
13118.0,21
13120.0,17
13121.0,17
13122.0,17
13124.0,17
13126.0,17
13127.0,17
13130.0,17
13131.0,21
13132.0,17
13133.0,21
13134.0,17
13135.0,21
13136.0,17
13137.0,17
13138.0,21
13139.0,0
13140.0,21
13141.0,17
13142.0,17
13144.0,17
13145.0,1
13146.0,17
13147.0,1
13148.0,17
13149.0,21
13151.0,17
13153.0,17
13154.0,1
13155.0,21
13157.0,17
13158.0,17
13159.0,17
13160.0,17
13161.0,17
13162.0,17
13165.0,21
13166.0,17
13167.0,17
13168.0,17
13169.0,13
13170.0,17
13171.0,21
13173.0,21
13174.0,17
13176.0,17
13177.0,17
13178.0,0
13182.0,17
13183.0,21
13184.0,17
13185.0,17
13186.0,17
13187.0,17
13188.0,17
13189.0,21
13192.0,17
13193.0,17
13194.0,17
13196.0,17
13198.0,17
13199.0,0
13200.0,17
13203.0,21
13207.0,13
13208.0,17
13209.0,0
13210.0,17
13211.0,21
13212.0,17
13213.0,17
13216.0,17
13217.0,21
13218.0,17
13220.0,21
13221.0,17
13223.0,21
13224.0,17
13225.0,0
13226.0,17
13227.0,17
13228.0,0
13229.0,17
13230.0,17
13232.0,17
13233.0,21
13235.0,17
13236.0,17
13238.0,13
13239.0,17
13240.0,21
13242.0,21
13243.0,17
13244.0,17
13245.0,17
13246.0,17
13247.0,17
13248.0,17
13249.0,21
13253.0,21
13255.0,1
13258.0,21
13259.0,17
13260.0,17
13261.0,17
13262.0,17
13263.0,0
13265.0,17
13266.0,17
13267.0,0
13268.0,17
13269.0,0
13270.0,0
13271.0,17
13272.0,21
13273.0,17
13276.0,17
13277.0,13
13278.0,17
13279.0,17
13280.0,17
13282.0,21
13283.0,13
13284.0,17
13285.0,17
13291.0,17
13292.0,21
13294.0,17
13295.0,17
13296.0,17
13297.0,17
13298.0,0
13299.0,17
13300.0,17
13301.0,17
13302.0,17
13304.0,17
13305.0,21
13307.0,17
13308.0,21
13309.0,17
13310.0,21
13311.0,21
13313.0,21
13314.0,17
13316.0,0
13317.0,17
13318.0,17
13319.0,0
13320.0,17
13321.0,17
13322.0,17
13323.0,21
13324.0,0
13325.0,17
13327.0,21
13328.0,17
13329.0,13
13330.0,21
13332.0,17
13334.0,17
13336.0,17
13338.0,17
13339.0,17
13340.0,0
13341.0,17
13343.0,17
13344.0,17
13345.0,17
13347.0,17
13348.0,17
13349.0,17
13350.0,17
13351.0,17
13352.0,17
13354.0,17
13355.0,17
13356.0,17
13357.0,17
13358.0,17
13359.0,17
13362.0,17
13363.0,17
13364.0,17
13365.0,17
13366.0,17
13368.0,17
13369.0,17
13370.0,17
13372.0,17
13373.0,17
13375.0,17
13376.0,17
13379.0,17
13381.0,17
13382.0,17
13384.0,0
13385.0,17
13388.0,17
13389.0,21
13390.0,17
13391.0,17
13394.0,17
13395.0,17
13396.0,21
13397.0,21
13398.0,17
13402.0,21
13403.0,17
13404.0,13
13405.0,21
13408.0,17
13410.0,21
13411.0,17
13414.0,21
13416.0,17
13417.0,21
13418.0,0
13419.0,17
13420.0,21
13421.0,17
13422.0,17
13425.0,17
13426.0,17
13427.0,21
13428.0,17
13429.0,17
13430.0,17
13431.0,17
13434.0,17
13435.0,0
13436.0,0
13437.0,17
13439.0,17
13441.0,17
13447.0,17
13448.0,17
13449.0,17
13450.0,17
13451.0,17
13452.0,0
13453.0,21
13455.0,21
13456.0,21
13458.0,0
13460.0,17
13461.0,21
13462.0,21
13464.0,17
13466.0,21
13467.0,17
13468.0,0
13470.0,17
13471.0,17
13473.0,13
13474.0,17
13475.0,17
13476.0,17
13477.0,21
13479.0,17
13481.0,17
13482.0,17
13483.0,17
13484.0,17
13485.0,17
13486.0,17
13487.0,21
13488.0,0
13489.0,13
13491.0,21
13492.0,1
13493.0,1
13494.0,17
13495.0,21
13496.0,13
13497.0,21
13499.0,21
13500.0,17
13501.0,1
13502.0,13
13503.0,17
13504.0,17
13505.0,1
13506.0,17
13507.0,17
13508.0,17
13509.0,21
13510.0,17
13512.0,17
13513.0,17
13514.0,17
13515.0,21
13516.0,21
13517.0,17
13518.0,17
13519.0,21
13520.0,1
13521.0,17
13522.0,17
13523.0,17
13524.0,21
13525.0,1
13527.0,17
13529.0,21
13531.0,21
13532.0,17
13533.0,17
13534.0,0
13536.0,17
13538.0,13
13539.0,21
13544.0,17
13546.0,17
13548.0,17
13549.0,21
13551.0,17
13552.0,17
13555.0,0
13557.0,21
13558.0,17
13560.0,17
13561.0,17
13562.0,17
13563.0,17
13564.0,17
13565.0,21
13566.0,17
13568.0,17
13569.0,21
13570.0,17
13571.0,17
13572.0,17
13573.0,21
13575.0,21
13576.0,0
13577.0,17
13579.0,13
13581.0,17
13583.0,17
13584.0,17
13587.0,17
13588.0,17
13589.0,21
13590.0,21
13591.0,21
13592.0,13
13593.0,17
13594.0,17
13596.0,17
13598.0,17
13599.0,0
13600.0,17
13601.0,17
13602.0,17
13603.0,17
13606.0,21
13607.0,17
13610.0,17
13611.0,21
13614.0,17
13615.0,17
13617.0,21
13618.0,17
13621.0,17
13623.0,21
13626.0,17
13627.0,21
13629.0,0
13630.0,21
13631.0,0
13632.0,17
13634.0,17
13635.0,17
13636.0,21
13637.0,17
13638.0,17
13639.0,17
13642.0,17
13643.0,21
13644.0,17
13645.0,17
13647.0,17
13649.0,21
13650.0,17
13651.0,17
13652.0,21
13654.0,17
13655.0,17
13656.0,21
13657.0,13
13658.0,17
13659.0,17
13662.0,21
13663.0,17
13666.0,13
13667.0,17
13668.0,0
13669.0,13
13670.0,17
13672.0,17
13673.0,17
13675.0,21
13678.0,17
13680.0,17
13681.0,17
13682.0,17
13684.0,17
13685.0,0
13686.0,17
13689.0,0
13690.0,17
13692.0,21
13693.0,17
13694.0,17
13695.0,17
13697.0,17
13699.0,17
13700.0,17
13703.0,17
13704.0,17
13705.0,13
13706.0,17
13707.0,17
13708.0,17
13709.0,0
13710.0,17
13711.0,17
13712.0,17
13715.0,17
13716.0,17
13717.0,17
13718.0,21
13719.0,21
13720.0,21
13721.0,17
13722.0,17
13723.0,17
13725.0,17
13726.0,17
13727.0,17
13728.0,21
13730.0,17
13731.0,17
13732.0,17
13735.0,17
13736.0,17
13737.0,17
13739.0,17
13740.0,17
13741.0,21
13742.0,17
13743.0,21
13744.0,21
13745.0,17
13747.0,17
13748.0,13
13750.0,13
13751.0,17
13752.0,17
13753.0,17
13754.0,13
13755.0,17
13756.0,0
13758.0,21
13759.0,17
13760.0,21
13761.0,17
13762.0,17
13763.0,21
13764.0,17
13767.0,0
13769.0,17
13771.0,17
13772.0,17
13774.0,17
13777.0,17
13778.0,17
13780.0,17
13781.0,17
13782.0,17
13784.0,13
13786.0,17
13787.0,21
13790.0,17
13791.0,21
13792.0,13
13798.0,17
13799.0,21
13800.0,17
13801.0,17
13802.0,21
13803.0,17
13804.0,17
13805.0,0
13806.0,17
13807.0,17
13808.0,17
13809.0,1
13810.0,1
13811.0,1
13812.0,1
13813.0,1
13814.0,1
13815.0,1
13816.0,1
13817.0,1
13819.0,17
13821.0,17
13822.0,17
13823.0,17
13824.0,21
13826.0,17
13827.0,17
13828.0,17
13829.0,17
13831.0,21
13832.0,17
13833.0,17
13835.0,21
13837.0,21
13838.0,17
13841.0,17
13842.0,17
13844.0,17
13845.0,17
13846.0,21
13848.0,13
13849.0,17
13850.0,17
13851.0,17
13853.0,17
13854.0,0
13856.0,17
13858.0,17
13859.0,17
13860.0,17
13862.0,17
13863.0,17
13865.0,21
13866.0,17
13867.0,21
13868.0,0
13869.0,17
13870.0,17
13871.0,0
13873.0,21
13874.0,17
13875.0,17
13876.0,17
13877.0,17
13878.0,17
13880.0,17
13881.0,0
13882.0,17
13883.0,17
13884.0,21
13885.0,17
13886.0,17
13887.0,17
13888.0,17
13889.0,17
13890.0,21
13892.0,21
13893.0,17
13894.0,21
13895.0,17
13897.0,17
13898.0,17
13899.0,13
13900.0,17
13901.0,17
13904.0,13
13908.0,17
13911.0,17
13914.0,17
13917.0,21
13918.0,21
13919.0,1
13922.0,17
13923.0,17
13924.0,17
13925.0,17
13926.0,17
13927.0,17
13928.0,21
13929.0,13
13930.0,21
13931.0,21
13932.0,17
13933.0,17
13934.0,17
13936.0,17
13937.0,17
13938.0,17
13939.0,21
13940.0,17
13941.0,21
13946.0,13
13947.0,17
13948.0,17
13949.0,17
13950.0,21
13951.0,21
13952.0,17
13953.0,13
13954.0,17
13955.0,21
13956.0,17
13958.0,17
13959.0,21
13960.0,21
13962.0,13
13963.0,17
13967.0,17
13969.0,0
13971.0,17
13972.0,21
13973.0,17
13974.0,17
13975.0,17
13976.0,17
13978.0,17
13979.0,17
13980.0,17
13982.0,17
13983.0,21
13984.0,13
13985.0,0
13986.0,17
13988.0,17
13989.0,21
13990.0,17
13991.0,17
13992.0,17
13993.0,17
13994.0,17
13995.0,17
13999.0,17
14000.0,17
14001.0,21
14002.0,17
14004.0,0
14005.0,17
14006.0,21
14009.0,17
14012.0,17
14013.0,21
14014.0,17
14015.0,17
14016.0,1
14019.0,17
14020.0,17
14021.0,21
14022.0,17
14023.0,21
14024.0,17
14027.0,17
14029.0,21
14030.0,17
14031.0,0
14032.0,17
14034.0,17
14035.0,21
14036.0,17
14037.0,21
14038.0,17
14039.0,17
14040.0,17
14041.0,17
14044.0,17
14045.0,1
14046.0,17
14047.0,13
14048.0,17
14049.0,0
14050.0,17
14051.0,0
14052.0,17
14053.0,21
14054.0,17
14055.0,17
14056.0,0
14057.0,0
14059.0,17
14060.0,0
14062.0,0
14064.0,21
14066.0,17
14067.0,17
14068.0,17
14071.0,17
14073.0,17
14075.0,21
14076.0,17
14077.0,21
14078.0,21
14079.0,17
14080.0,17
14081.0,17
14082.0,17
14083.0,17
14085.0,17
14087.0,17
14088.0,17
14089.0,17
14090.0,17
14092.0,17
14093.0,17
14096.0,17
14098.0,17
14099.0,17
14100.0,17
14101.0,0
14102.0,17
14104.0,17
14105.0,17
14107.0,17
14108.0,17
14109.0,21
14110.0,0
14111.0,13
14112.0,17
14113.0,21
14114.0,21
14116.0,17
14117.0,17
14119.0,17
14121.0,17
14124.0,0
14125.0,17
14126.0,17
14127.0,21
14128.0,21
14129.0,21
14130.0,17
14132.0,17
14133.0,21
14135.0,0
14138.0,17
14139.0,17
14140.0,17
14141.0,17
14142.0,17
14143.0,17
14145.0,0
14146.0,17
14147.0,1
14148.0,17
14149.0,17
14150.0,13
14152.0,21
14154.0,17
14155.0,17
14156.0,13
14157.0,21
14158.0,17
14159.0,0
14161.0,17
14162.0,21
14163.0,21
14164.0,17
14165.0,17
14167.0,21
14171.0,17
14173.0,21
14174.0,17
14175.0,17
14176.0,17
14177.0,17
14178.0,17
14179.0,17
14180.0,0
14184.0,17
14185.0,17
14188.0,21
14189.0,0
14191.0,0
14193.0,21
14194.0,0
14195.0,0
14196.0,17
14198.0,21
14199.0,17
14201.0,21
14204.0,17
14205.0,21
14206.0,21
14208.0,17
14209.0,21
14210.0,17
14211.0,17
14212.0,0
14213.0,17
14214.0,21
14215.0,21
14216.0,17
14217.0,21
14218.0,17
14219.0,17
14220.0,21
14221.0,17
14222.0,17
14223.0,17
14224.0,17
14226.0,21
14227.0,17
14229.0,21
14231.0,17
14232.0,17
14233.0,21
14234.0,17
14235.0,21
14236.0,13
14237.0,17
14238.0,17
14239.0,17
14240.0,21
14241.0,17
14242.0,21
14243.0,17
14245.0,17
14246.0,17
14247.0,17
14248.0,17
14250.0,17
14251.0,17
14256.0,17
14257.0,17
14258.0,0
14259.0,17
14261.0,17
14262.0,17
14264.0,13
14265.0,1
14267.0,17
14270.0,17
14271.0,17
14272.0,21
14273.0,21
14276.0,17
14277.0,1
14280.0,17
14282.0,17
14284.0,17
14285.0,21
14286.0,0
14287.0,13
14288.0,17
14289.0,21
14290.0,21
14291.0,17
14292.0,0
14293.0,21
14295.0,1
14297.0,21
14298.0,17
14299.0,17
14300.0,17
14301.0,17
14304.0,17
14305.0,17
14306.0,17
14307.0,17
14309.0,21
14311.0,17
14312.0,21
14314.0,17
14315.0,17
14317.0,17
14320.0,21
14321.0,17
14323.0,21
14326.0,17
14327.0,17
14329.0,0
14331.0,17
14332.0,21
14333.0,17
14334.0,17
14335.0,1
14336.0,21
14338.0,17
14339.0,17
14340.0,17
14341.0,17
14342.0,21
14344.0,21
14345.0,17
14346.0,21
14348.0,17
14349.0,17
14350.0,17
14351.0,17
14352.0,17
14353.0,17
14354.0,17
14355.0,17
14356.0,17
14357.0,17
14359.0,17
14360.0,17
14362.0,17
14364.0,0
14367.0,0
14368.0,17
14371.0,17
14373.0,17
14375.0,17
14377.0,21
14379.0,21
14381.0,17
14382.0,17
14383.0,17
14385.0,17
14386.0,17
14387.0,17
14388.0,17
14389.0,21
14390.0,0
14393.0,17
14395.0,17
14396.0,21
14397.0,17
14400.0,17
14401.0,17
14403.0,21
14404.0,21
14406.0,17
14407.0,17
14408.0,17
14409.0,21
14410.0,17
14411.0,17
14412.0,17
14413.0,17
14414.0,17
14415.0,0
14416.0,17
14418.0,17
14419.0,17
14420.0,17
14421.0,21
14422.0,0
14423.0,17
14424.0,0
14426.0,17
14427.0,17
14428.0,17
14431.0,17
14432.0,17
14434.0,21
14436.0,17
14437.0,1
14438.0,17
14439.0,1
14440.0,21
14441.0,21
14442.0,1
14443.0,21
14446.0,17
14447.0,21
14448.0,13
14449.0,17
14450.0,21
14451.0,17
14452.0,17
14453.0,17
14456.0,17
14457.0,17
14459.0,17
14460.0,13
14461.0,17
14462.0,17
14463.0,13
14465.0,17
14466.0,21
14467.0,21
14470.0,21
14472.0,17
14473.0,1
14474.0,17
14475.0,21
14476.0,17
14477.0,1
14479.0,21
14480.0,17
14481.0,21
14482.0,17
14483.0,13
14484.0,17
14485.0,17
14487.0,17
14488.0,17
14489.0,17
14491.0,13
14493.0,17
14494.0,17
14495.0,13
14496.0,21
14497.0,17
14498.0,17
14499.0,17
14500.0,13
14501.0,13
14502.0,17
14503.0,17
14504.0,17
14505.0,0
14506.0,17
14507.0,17
14508.0,17
14511.0,17
14512.0,17
14513.0,13
14514.0,21
14515.0,17
14517.0,21
14518.0,17
14520.0,17
14522.0,13
14523.0,17
14524.0,17
14525.0,17
14527.0,0
14528.0,17
14529.0,17
14530.0,17
14532.0,17
14533.0,21
14534.0,17
14535.0,17
14536.0,17
14537.0,17
14538.0,13
14539.0,17
14540.0,21
14541.0,17
14542.0,17
14543.0,21
14544.0,21
14546.0,17
14547.0,0
14548.0,1
14549.0,17
14550.0,17
14551.0,13
14552.0,17
14553.0,17
14554.0,17
14555.0,13
14557.0,17
14560.0,21
14561.0,17
14562.0,0
14565.0,17
14566.0,1
14567.0,21
14569.0,0
14570.0,17
14572.0,17
14573.0,17
14576.0,17
14577.0,17
14578.0,17
14581.0,17
14582.0,17
14583.0,17
14584.0,17
14585.0,17
14586.0,17
14587.0,17
14589.0,17
14591.0,17
14592.0,17
14593.0,17
14594.0,21
14595.0,17
14597.0,21
14598.0,17
14600.0,17
14601.0,17
14603.0,0
14606.0,0
14607.0,0
14608.0,13
14609.0,13
14616.0,1
14618.0,13
14619.0,17
14620.0,17
14621.0,21
14622.0,17
14623.0,17
14624.0,17
14625.0,21
14626.0,17
14627.0,17
14628.0,21
14629.0,17
14631.0,21
14632.0,17
14633.0,17
14636.0,21
14638.0,17
14639.0,17
14640.0,17
14641.0,17
14642.0,17
14643.0,21
14644.0,13
14645.0,21
14646.0,0
14647.0,17
14649.0,17
14651.0,17
14652.0,17
14653.0,17
14655.0,21
14656.0,17
14657.0,17
14658.0,21
14659.0,17
14660.0,17
14661.0,17
14662.0,17
14664.0,17
14665.0,17
14666.0,17
14667.0,0
14669.0,17
14670.0,17
14672.0,17
14673.0,21
14675.0,17
14676.0,21
14679.0,17
14680.0,17
14681.0,13
14682.0,21
14684.0,17
14687.0,17
14688.0,0
14689.0,17
14690.0,17
14691.0,17
14692.0,17
14693.0,17
14696.0,17
14697.0,17
14698.0,17
14699.0,17
14700.0,17
14701.0,17
14702.0,17
14703.0,17
14704.0,17
14705.0,0
14708.0,13
14709.0,0
14710.0,17
14711.0,17
14712.0,21
14713.0,17
14714.0,17
14715.0,21
14716.0,17
14719.0,17
14720.0,21
14722.0,17
14723.0,17
14725.0,17
14727.0,17
14729.0,17
14730.0,17
14731.0,21
14732.0,17
14733.0,0
14735.0,0
14737.0,13
14738.0,21
14739.0,21
14740.0,17
14741.0,21
14744.0,13
14745.0,17
14747.0,17
14748.0,21
14752.0,17
14753.0,17
14754.0,21
14755.0,0
14756.0,17
14757.0,17
14758.0,17
14759.0,17
14760.0,17
14761.0,1
14762.0,17
14764.0,17
14765.0,21
14766.0,17
14768.0,13
14769.0,0
14770.0,17
14772.0,17
14775.0,21
14776.0,17
14777.0,13
14778.0,21
14779.0,17
14780.0,17
14782.0,17
14784.0,13
14785.0,17
14788.0,17
14789.0,17
14790.0,21
14792.0,17
14793.0,17
14794.0,21
14795.0,17
14796.0,0
14798.0,13
14799.0,17
14800.0,17
14801.0,17
14803.0,21
14804.0,17
14805.0,21
14806.0,17
14808.0,17
14810.0,17
14813.0,17
14815.0,17
14816.0,17
14817.0,17
14818.0,21
14819.0,13
14820.0,21
14821.0,17
14823.0,17
14824.0,21
14825.0,21
14828.0,0
14829.0,21
14830.0,17
14834.0,21
14836.0,21
14837.0,17
14840.0,17
14841.0,17
14842.0,17
14844.0,17
14847.0,17
14849.0,0
14850.0,17
14851.0,21
14852.0,17
14853.0,13
14854.0,17
14855.0,17
14856.0,17
14857.0,17
14859.0,21
14860.0,17
14861.0,17
14862.0,17
14863.0,17
14865.0,17
14866.0,0
14867.0,21
14868.0,17
14869.0,17
14870.0,17
14871.0,21
14873.0,17
14875.0,21
14878.0,17
14880.0,21
14881.0,17
14882.0,17
14883.0,21
14885.0,17
14886.0,17
14887.0,0
14888.0,17
14889.0,17
14890.0,17
14891.0,17
14893.0,17
14894.0,17
14895.0,0
14896.0,21
14897.0,21
14898.0,21
14901.0,21
14902.0,17
14903.0,17
14904.0,17
14905.0,21
14907.0,17
14908.0,17
14910.0,17
14911.0,13
14912.0,1
14913.0,21
14915.0,13
14916.0,21
14918.0,17
14920.0,17
14921.0,17
14923.0,17
14924.0,17
14929.0,17
14930.0,1
14931.0,1
14932.0,1
14934.0,1
14935.0,1
14936.0,1
14937.0,1
14944.0,0
14946.0,17
14947.0,21
14948.0,21
14950.0,17
14951.0,17
14952.0,0
14953.0,17
14954.0,17
14957.0,17
14958.0,17
14959.0,21
14960.0,21
14961.0,0
14962.0,17
14963.0,17
14964.0,17
14965.0,17
14966.0,17
14967.0,17
14968.0,17
14970.0,21
14971.0,17
14972.0,17
14973.0,21
14974.0,17
14975.0,17
14976.0,21
14978.0,17
14981.0,17
14984.0,21
14985.0,17
14987.0,17
14988.0,17
14995.0,21
14997.0,21
14998.0,17
15000.0,17
15002.0,17
15004.0,17
15005.0,0
15006.0,17
15007.0,17
15009.0,17
15010.0,17
15012.0,17
15014.0,21
15016.0,17
15017.0,17
15018.0,13
15019.0,17
15021.0,17
15022.0,17
15023.0,0
15024.0,17
15025.0,17
15026.0,21
15027.0,21
15028.0,21
15030.0,1
15031.0,17
15032.0,0
15033.0,17
15034.0,17
15035.0,17
15036.0,17
15038.0,17
15039.0,0
15041.0,17
15042.0,17
15043.0,0
15044.0,0
15045.0,21
15046.0,0
15047.0,17
15048.0,21
15049.0,17
15050.0,17
15051.0,17
15052.0,17
15053.0,21
15054.0,17
15057.0,17
15058.0,17
15059.0,17
15060.0,17
15061.0,17
15062.0,21
15063.0,17
15065.0,17
15066.0,17
15067.0,17
15068.0,17
15069.0,17
15070.0,17
15071.0,21
15073.0,17
15074.0,17
15075.0,17
15076.0,17
15078.0,0
15079.0,21
15081.0,13
15083.0,17
15087.0,17
15088.0,17
15089.0,17
15090.0,17
15091.0,17
15092.0,17
15093.0,0
15095.0,17
15096.0,17
15097.0,17
15098.0,21
15099.0,17
15100.0,21
15101.0,1
15103.0,17
15104.0,17
15105.0,17
15106.0,17
15107.0,21
15108.0,1
15109.0,17
15110.0,21
15111.0,21
15113.0,0
15114.0,17
15115.0,17
15116.0,21
15117.0,17
15118.0,17
15119.0,17
15120.0,17
15121.0,21
15122.0,17
15123.0,17
15124.0,13
15125.0,0
15127.0,17
15128.0,17
15129.0,21
15130.0,17
15132.0,21
15133.0,21
15134.0,21
15135.0,17
15136.0,17
15139.0,21
15140.0,17
15142.0,17
15143.0,17
15144.0,0
15145.0,21
15146.0,17
15147.0,17
15148.0,17
15149.0,17
15150.0,0
15152.0,0
15153.0,17
15154.0,17
15156.0,17
15157.0,17
15158.0,17
15159.0,0
15160.0,17
15163.0,21
15164.0,17
15165.0,17
15167.0,17
15168.0,17
15171.0,17
15172.0,17
15174.0,17
15175.0,17
15178.0,17
15179.0,21
15180.0,17
15181.0,13
15182.0,21
15184.0,17
15185.0,17
15186.0,21
15187.0,0
15189.0,0
15192.0,21
15193.0,17
15194.0,0
15195.0,21
15197.0,13
15198.0,21
15199.0,13
15201.0,17
15203.0,17
15204.0,17
15205.0,17
15206.0,1
15208.0,21
15210.0,17
15211.0,21
15212.0,17
15213.0,17
15214.0,17
15215.0,21
15216.0,17
15218.0,0
15219.0,17
15220.0,17
15221.0,17
15222.0,0
15223.0,17
15224.0,17
15225.0,17
15226.0,17
15227.0,21
15228.0,17
15230.0,17
15232.0,17
15234.0,17
15235.0,17
15236.0,17
15237.0,17
15238.0,21
15239.0,17
15240.0,21
15241.0,17
15243.0,17
15244.0,21
15245.0,17
15246.0,21
15247.0,17
15249.0,0
15251.0,0
15252.0,21
15253.0,17
15254.0,17
15255.0,17
15256.0,17
15257.0,17
15258.0,17
15260.0,21
15261.0,17
15262.0,17
15263.0,17
15264.0,17
15265.0,17
15266.0,17
15267.0,13
15269.0,0
15270.0,21
15271.0,17
15272.0,17
15274.0,17
15275.0,17
15276.0,17
15277.0,17
15279.0,17
15280.0,17
15281.0,17
15286.0,17
15287.0,17
15288.0,21
15289.0,21
15290.0,0
15291.0,0
15292.0,17
15296.0,17
15297.0,17
15298.0,17
15299.0,1
15300.0,17
15301.0,0
15303.0,17
15304.0,13
15306.0,17
15307.0,17
15308.0,17
15311.0,17
15312.0,21
15313.0,17
15314.0,17
15315.0,17
15316.0,0
15318.0,17
15319.0,17
15320.0,17
15321.0,17
15322.0,17
15325.0,17
15326.0,17
15327.0,17
15329.0,21
15330.0,17
15332.0,1
15333.0,17
15334.0,17
15335.0,17
15339.0,17
15341.0,17
15342.0,17
15343.0,17
15344.0,17
15345.0,17
15346.0,17
15347.0,17
15348.0,17
15349.0,17
15350.0,17
15351.0,17
15353.0,17
15355.0,17
15356.0,17
15358.0,0
15360.0,17
15361.0,17
15363.0,21
15364.0,21
15365.0,17
15366.0,21
15367.0,17
15368.0,17
15369.0,1
15370.0,21
15372.0,17
15373.0,17
15374.0,17
15376.0,17
15379.0,17
15380.0,13
15381.0,21
15382.0,0
15384.0,21
15385.0,17
15386.0,17
15388.0,1
15389.0,1
15392.0,21
15393.0,13
15394.0,21
15395.0,17
15396.0,17
15397.0,17
15398.0,17
15399.0,17
15400.0,13
15402.0,17
15405.0,17
15406.0,21
15407.0,17
15408.0,17
15410.0,17
15411.0,17
15412.0,17
15414.0,21
15415.0,17
15416.0,17
15417.0,17
15419.0,17
15421.0,21
15422.0,17
15423.0,17
15424.0,17
15426.0,17
15427.0,17
15428.0,17
15429.0,17
15432.0,17
15433.0,21
15434.0,21
15435.0,17
15436.0,17
15437.0,17
15438.0,17
15440.0,17
15442.0,0
15443.0,17
15444.0,17
15445.0,17
15447.0,17
15448.0,17
15449.0,21
15450.0,17
15452.0,21
15453.0,17
15454.0,17
15456.0,17
15457.0,17
15458.0,17
15460.0,17
15462.0,21
15463.0,17
15464.0,17
15465.0,0
15466.0,17
15467.0,17
15468.0,13
15469.0,17
15471.0,0
15472.0,17
15473.0,21
15475.0,17
15478.0,17
15480.0,1
15482.0,0
15483.0,17
15484.0,0
15485.0,21
15488.0,17
15489.0,21
15491.0,17
15492.0,17
15493.0,17
15494.0,17
15497.0,13
15498.0,0
15500.0,17
15502.0,0
15503.0,17
15504.0,17
15505.0,17
15506.0,17
15507.0,17
15508.0,17
15510.0,0
15511.0,17
15512.0,1
15513.0,0
15514.0,17
15516.0,17
15517.0,17
15518.0,17
15520.0,0
15521.0,17
15522.0,17
15523.0,17
15524.0,0
15525.0,17
15526.0,17
15527.0,17
15528.0,17
15529.0,17
15530.0,17
15531.0,17
15532.0,17
15533.0,17
15535.0,17
15537.0,17
15539.0,17
15540.0,17
15541.0,17
15543.0,17
15544.0,17
15545.0,21
15547.0,0
15549.0,17
15550.0,21
15551.0,17
15552.0,17
15553.0,17
15554.0,17
15555.0,0
15556.0,17
15557.0,17
15561.0,21
15562.0,17
15563.0,21
15565.0,17
15567.0,17
15568.0,17
15569.0,21
15570.0,17
15571.0,17
15572.0,17
15573.0,17
15574.0,17
15576.0,17
15577.0,21
15578.0,17
15579.0,21
15581.0,17
15582.0,21
15584.0,17
15585.0,17
15587.0,1
15589.0,17
15590.0,17
15592.0,17
15593.0,17
15594.0,17
15596.0,21
15597.0,17
15598.0,17
15599.0,21
15601.0,0
15602.0,21
15603.0,17
15604.0,17
15605.0,21
15606.0,21
15607.0,17
15608.0,17
15609.0,17
15610.0,17
15611.0,21
15612.0,21
15615.0,0
15618.0,17
15619.0,17
15620.0,21
15621.0,17
15622.0,17
15623.0,17
15624.0,21
15625.0,17
15626.0,21
15628.0,17
15630.0,17
15632.0,17
15634.0,17
15636.0,21
15637.0,17
15638.0,17
15639.0,17
15640.0,0
15641.0,17
15643.0,17
15644.0,17
15645.0,17
15646.0,21
15648.0,17
15649.0,0
15651.0,21
15652.0,17
15653.0,0
15654.0,17
15655.0,17
15656.0,21
15657.0,17
15658.0,21
15659.0,17
15660.0,21
15661.0,21
15663.0,17
15664.0,13
15665.0,17
15667.0,17
15668.0,17
15669.0,21
15670.0,17
15671.0,21
15673.0,17
15674.0,17
15675.0,21
15676.0,17
15677.0,17
15678.0,17
15679.0,17
15680.0,21
15681.0,21
15683.0,17
15687.0,17
15689.0,1
15690.0,21
15691.0,17
15692.0,17
15694.0,0
15695.0,17
15696.0,17
15699.0,17
15700.0,17
15701.0,17
15703.0,17
15704.0,17
15705.0,17
15706.0,17
15707.0,17
15708.0,17
15709.0,17
15712.0,21
15713.0,13
15714.0,17
15716.0,17
15717.0,17
15719.0,0
15720.0,17
15721.0,17
15722.0,21
15723.0,17
15724.0,21
15725.0,17
15727.0,0
15728.0,17
15729.0,17
15730.0,17
15732.0,13
15733.0,17
15734.0,21
15737.0,17
15738.0,0
15739.0,17
15740.0,17
15743.0,17
15744.0,17
15745.0,21
15746.0,17
15747.0,17
15748.0,17
15749.0,1
15750.0,17
15752.0,17
15753.0,0
15754.0,21
15755.0,17
15756.0,17
15757.0,21
15758.0,17
15759.0,13
15762.0,17
15763.0,17
15764.0,17
15766.0,17
15768.0,21
15769.0,17
15773.0,17
15774.0,17
15775.0,17
15776.0,17
15777.0,21
15780.0,21
15781.0,13
15782.0,17
15783.0,17
15785.0,21
15786.0,0
15787.0,17
15789.0,17
15790.0,17
15791.0,17
15793.0,13
15795.0,17
15796.0,17
15797.0,1
15799.0,17
15800.0,17
15801.0,17
15802.0,17
15803.0,17
15804.0,17
15805.0,0
15806.0,21
15807.0,17
15808.0,17
15809.0,21
15810.0,17
15811.0,17
15812.0,21
15813.0,17
15814.0,17
15815.0,21
15819.0,17
15820.0,17
15821.0,17
15822.0,13
15823.0,17
15825.0,17
15826.0,17
15827.0,17
15829.0,17
15830.0,17
15831.0,21
15832.0,17
15834.0,17
15835.0,21
15836.0,17
15837.0,17
15838.0,17
15839.0,17
15840.0,21
15841.0,21
15843.0,17
15844.0,17
15845.0,17
15847.0,13
15850.0,17
15852.0,17
15853.0,17
15854.0,17
15855.0,17
15856.0,0
15857.0,17
15858.0,17
15860.0,17
15861.0,17
15862.0,17
15863.0,21
15864.0,13
15865.0,21
15866.0,17
15867.0,17
15869.0,17
15870.0,17
15872.0,17
15874.0,0
15877.0,17
15880.0,17
15881.0,17
15882.0,21
15883.0,17
15885.0,13
15886.0,17
15888.0,17
15889.0,17
15891.0,17
15894.0,21
15895.0,17
15897.0,17
15898.0,21
15899.0,17
15900.0,17
15901.0,17
15903.0,0
15904.0,17
15906.0,17
15907.0,17
15909.0,17
15910.0,17
15912.0,17
15916.0,17
15917.0,17
15918.0,17
15919.0,17
15920.0,17
15921.0,17
15922.0,17
15923.0,17
15925.0,17
15930.0,17
15932.0,17
15933.0,17
15935.0,17
15937.0,17
15938.0,13
15939.0,0
15940.0,17
15942.0,17
15944.0,17
15945.0,17
15947.0,17
15948.0,17
15949.0,17
15950.0,21
15951.0,21
15952.0,17
15953.0,21
15955.0,0
15957.0,17
15958.0,17
15963.0,17
15965.0,21
15967.0,21
15969.0,21
15970.0,17
15971.0,21
15973.0,13
15974.0,17
15975.0,17
15976.0,17
15977.0,17
15978.0,17
15980.0,21
15981.0,21
15983.0,21
15984.0,17
15985.0,21
15986.0,17
15987.0,17
15988.0,17
15990.0,21
15992.0,17
15993.0,17
15994.0,17
15996.0,17
15998.0,17
16000.0,21
16003.0,21
16005.0,17
16006.0,17
16007.0,17
16008.0,21
16009.0,17
16010.0,17
16011.0,17
16012.0,17
16013.0,17
16014.0,17
16015.0,17
16016.0,17
16017.0,17
16018.0,21
16019.0,17
16020.0,17
16022.0,17
16023.0,17
16024.0,17
16025.0,17
16026.0,17
16027.0,13
16029.0,17
16030.0,17
16031.0,17
16033.0,0
16034.0,21
16036.0,21
16037.0,17
16038.0,21
16040.0,21
16041.0,1
16042.0,21
16043.0,21
16045.0,17
16048.0,1
16049.0,17
16050.0,17
16052.0,17
16053.0,17
16054.0,17
16055.0,17
16056.0,17
16057.0,17
16059.0,17
16061.0,17
16062.0,21
16063.0,17
16065.0,17
16066.0,17
16070.0,17
16071.0,17
16072.0,17
16073.0,17
16076.0,17
16078.0,17
16079.0,17
16080.0,13
16081.0,17
16083.0,21
16084.0,17
16085.0,17
16086.0,21
16091.0,17
16092.0,21
16093.0,17
16094.0,21
16096.0,17
16097.0,17
16098.0,21
16099.0,21
16101.0,17
16102.0,17
16103.0,21
16104.0,17
16105.0,17
16106.0,17
16107.0,21
16108.0,17
16109.0,21
16110.0,17
16112.0,13
16113.0,17
16114.0,17
16115.0,17
16116.0,17
16117.0,17
16119.0,21
16120.0,17
16121.0,17
16122.0,21
16123.0,17
16124.0,17
16125.0,17
16126.0,0
16127.0,17
16128.0,21
16131.0,17
16133.0,0
16134.0,21
16135.0,17
16136.0,21
16138.0,17
16139.0,21
16140.0,21
16141.0,17
16142.0,17
16143.0,21
16144.0,17
16145.0,17
16146.0,17
16147.0,17
16148.0,17
16149.0,21
16150.0,17
16152.0,17
16153.0,21
16156.0,17
16157.0,21
16159.0,17
16160.0,17
16161.0,0
16162.0,17
16163.0,13
16164.0,17
16168.0,21
16169.0,17
16170.0,17
16171.0,17
16172.0,17
16173.0,17
16174.0,17
16175.0,17
16177.0,17
16178.0,17
16179.0,17
16180.0,0
16181.0,17
16182.0,0
16183.0,17
16184.0,21
16185.0,21
16186.0,17
16187.0,0
16188.0,21
16189.0,21
16190.0,17
16191.0,0
16193.0,17
16198.0,17
16200.0,17
16201.0,17
16202.0,17
16203.0,21
16204.0,17
16205.0,17
16206.0,21
16207.0,17
16208.0,21
16209.0,21
16210.0,0
16211.0,17
16212.0,21
16213.0,17
16214.0,17
16215.0,17
16216.0,17
16217.0,17
16218.0,21
16221.0,21
16222.0,17
16224.0,17
16225.0,17
16226.0,21
16227.0,17
16229.0,17
16230.0,17
16232.0,21
16233.0,13
16235.0,21
16236.0,17
16239.0,21
16240.0,0
16241.0,17
16242.0,17
16243.0,17
16244.0,17
16245.0,17
16247.0,17
16248.0,17
16249.0,17
16250.0,21
16252.0,17
16253.0,17
16255.0,17
16256.0,17
16257.0,17
16258.0,0
16260.0,17
16261.0,17
16262.0,17
16265.0,0
16266.0,17
16268.0,17
16270.0,17
16271.0,17
16272.0,17
16274.0,17
16275.0,17
16276.0,0
16278.0,21
16279.0,17
16281.0,17
16282.0,17
16283.0,17
16284.0,17
16287.0,17
16292.0,17
16293.0,21
16295.0,17
16297.0,17
16298.0,21
16302.0,17
16303.0,0
16305.0,17
16306.0,21
16308.0,13
16309.0,21
16311.0,17
16313.0,17
16315.0,17
16316.0,17
16317.0,17
16318.0,17
16319.0,17
16320.0,1
16321.0,1
16322.0,17
16323.0,0
16324.0,17
16325.0,13
16326.0,17
16327.0,17
16330.0,17
16332.0,17
16333.0,1
16337.0,17
16338.0,17
16339.0,17
16340.0,17
16341.0,17
16342.0,21
16343.0,17
16344.0,17
16345.0,17
16347.0,17
16348.0,17
16349.0,17
16350.0,21
16351.0,17
16352.0,17
16353.0,0
16354.0,17
16356.0,17
16357.0,21
16358.0,17
16359.0,21
16360.0,17
16361.0,17
16362.0,17
16363.0,17
16364.0,17
16365.0,21
16366.0,17
16367.0,17
16368.0,17
16369.0,17
16370.0,17
16372.0,17
16374.0,17
16376.0,17
16377.0,0
16378.0,17
16379.0,17
16380.0,17
16383.0,17
16384.0,21
16385.0,21
16386.0,17
16387.0,17
16389.0,21
16392.0,17
16393.0,17
16394.0,17
16395.0,17
16398.0,17
16399.0,21
16400.0,17
16401.0,17
16402.0,17
16403.0,17
16404.0,17
16405.0,17
16406.0,17
16407.0,17
16409.0,17
16411.0,21
16412.0,17
16413.0,17
16414.0,1
16415.0,17
16416.0,17
16418.0,17
16419.0,21
16422.0,17
16423.0,17
16424.0,1
16425.0,17
16426.0,17
16427.0,17
16428.0,17
16429.0,17
16430.0,17
16431.0,17
16432.0,17
16433.0,17
16434.0,17
16438.0,17
16440.0,17
16441.0,21
16442.0,17
16444.0,17
16445.0,17
16446.0,17
16447.0,17
16448.0,17
16449.0,17
16450.0,17
16451.0,17
16454.0,17
16455.0,21
16456.0,17
16457.0,17
16458.0,17
16460.0,17
16461.0,17
16462.0,17
16463.0,17
16464.0,17
16466.0,17
16468.0,17
16469.0,17
16470.0,17
16471.0,17
16473.0,21
16474.0,17
16475.0,21
16477.0,17
16478.0,17
16479.0,17
16480.0,17
16482.0,17
16483.0,17
16484.0,17
16485.0,17
16488.0,21
16491.0,17
16493.0,21
16494.0,17
16495.0,21
16496.0,21
16497.0,17
16498.0,17
16499.0,17
16500.0,1
16503.0,21
16504.0,17
16505.0,0
16506.0,21
16509.0,17
16510.0,17
16511.0,17
16513.0,17
16515.0,17
16516.0,17
16517.0,17
16518.0,21
16519.0,1
16520.0,17
16523.0,0
16525.0,0
16526.0,17
16527.0,17
16528.0,17
16529.0,17
16531.0,21
16532.0,21
16533.0,17
16535.0,17
16536.0,17
16539.0,21
16542.0,17
16545.0,17
16546.0,17
16549.0,17
16550.0,17
16551.0,21
16552.0,21
16553.0,0
16554.0,21
16555.0,21
16556.0,17
16557.0,13
16558.0,0
16560.0,21
16561.0,17
16563.0,17
16565.0,17
16566.0,13
16567.0,21
16569.0,17
16570.0,17
16571.0,17
16572.0,17
16573.0,21
16574.0,17
16579.0,17
16581.0,17
16582.0,17
16583.0,17
16584.0,21
16586.0,17
16587.0,17
16589.0,17
16591.0,17
16592.0,17
16593.0,13
16594.0,17
16595.0,17
16596.0,1
16597.0,17
16598.0,17
16600.0,21
16601.0,17
16602.0,17
16603.0,17
16607.0,17
16609.0,0
16610.0,17
16611.0,21
16612.0,21
16613.0,17
16614.0,17
16616.0,21
16617.0,17
16618.0,21
16619.0,17
16620.0,1
16621.0,21
16623.0,17
16624.0,17
16625.0,17
16626.0,0
16627.0,17
16628.0,17
16629.0,17
16633.0,17
16634.0,13
16637.0,17
16638.0,21
16639.0,21
16641.0,17
16642.0,21
16643.0,17
16644.0,17
16647.0,17
16648.0,17
16650.0,17
16652.0,0
16653.0,17
16654.0,21
16655.0,17
16656.0,0
16657.0,17
16658.0,17
16659.0,17
16660.0,13
16665.0,17
16666.0,17
16667.0,21
16668.0,13
16669.0,17
16670.0,17
16671.0,1
16672.0,0
16674.0,17
16676.0,21
16678.0,17
16679.0,17
16680.0,17
16681.0,21
16682.0,21
16684.0,17
16685.0,17
16686.0,17
16688.0,17
16689.0,17
16690.0,13
16692.0,0
16693.0,21
16696.0,13
16697.0,17
16698.0,0
16700.0,0
16701.0,0
16705.0,0
16706.0,17
16708.0,17
16709.0,17
16710.0,17
16711.0,13
16712.0,17
16713.0,0
16714.0,17
16715.0,17
16716.0,13
16717.0,17
16718.0,17
16719.0,17
16720.0,17
16721.0,17
16722.0,0
16723.0,17
16725.0,17
16726.0,17
16727.0,17
16728.0,17
16729.0,0
16730.0,21
16732.0,17
16734.0,17
16735.0,17
16737.0,0
16738.0,17
16739.0,17
16742.0,17
16743.0,17
16744.0,17
16745.0,0
16746.0,0
16747.0,17
16748.0,21
16750.0,17
16751.0,17
16752.0,17
16753.0,17
16754.0,17
16755.0,17
16756.0,17
16757.0,17
16758.0,17
16759.0,17
16761.0,17
16762.0,17
16763.0,17
16764.0,17
16765.0,17
16766.0,17
16767.0,0
16768.0,21
16769.0,17
16770.0,17
16771.0,17
16773.0,17
16774.0,17
16775.0,17
16776.0,17
16777.0,21
16778.0,13
16779.0,0
16780.0,17
16781.0,17
16782.0,17
16784.0,17
16788.0,17
16789.0,17
16790.0,17
16791.0,17
16792.0,17
16793.0,17
16794.0,17
16795.0,17
16796.0,17
16800.0,17
16801.0,17
16803.0,17
16804.0,21
16805.0,17
16806.0,17
16807.0,17
16808.0,21
16809.0,17
16810.0,13
16811.0,17
16812.0,17
16813.0,17
16814.0,0
16816.0,21
16817.0,21
16818.0,17
16820.0,17
16823.0,17
16824.0,21
16825.0,21
16826.0,17
16828.0,17
16829.0,17
16830.0,17
16832.0,17
16833.0,21
16834.0,17
16835.0,1
16836.0,21
16837.0,17
16838.0,21
16839.0,0
16841.0,17
16842.0,21
16843.0,0
16846.0,17
16847.0,17
16848.0,17
16849.0,17
16850.0,17
16851.0,17
16852.0,13
16855.0,17
16856.0,17
16858.0,17
16859.0,17
16861.0,1
16863.0,13
16866.0,17
16869.0,17
16871.0,17
16872.0,13
16873.0,0
16875.0,17
16877.0,17
16878.0,13
16880.0,17
16881.0,1
16882.0,21
16883.0,21
16884.0,17
16885.0,21
16887.0,17
16889.0,17
16891.0,17
16892.0,21
16893.0,17
16895.0,17
16897.0,17
16898.0,17
16899.0,17
16900.0,17
16902.0,17
16903.0,17
16904.0,17
16905.0,17
16906.0,17
16907.0,17
16909.0,17
16910.0,17
16912.0,21
16913.0,17
16914.0,17
16915.0,21
16916.0,17
16917.0,17
16918.0,17
16919.0,17
16921.0,17
16923.0,0
16924.0,17
16926.0,17
16927.0,1
16928.0,17
16929.0,17
16930.0,17
16931.0,0
16932.0,17
16933.0,21
16934.0,17
16936.0,17
16938.0,17
16940.0,17
16942.0,17
16943.0,21
16945.0,0
16947.0,17
16948.0,13
16949.0,21
16950.0,21
16951.0,17
16952.0,17
16953.0,17
16954.0,21
16955.0,21
16956.0,17
16957.0,17
16959.0,17
16960.0,17
16961.0,17
16963.0,17
16965.0,17
16966.0,21
16967.0,17
16968.0,21
16969.0,21
16971.0,17
16976.0,17
16978.0,17
16979.0,21
16980.0,17
16982.0,17
16983.0,17
16984.0,0
16985.0,0
16986.0,1
16987.0,17
16988.0,17
16989.0,13
16990.0,0
16992.0,21
16995.0,17
16996.0,21
16997.0,21
16998.0,1
16999.0,17
17001.0,17
17002.0,21
17004.0,17
17006.0,17
17007.0,21
17010.0,17
17011.0,17
17014.0,17
17015.0,17
17017.0,0
17018.0,13
17019.0,17
17022.0,17
17024.0,1
17025.0,1
17026.0,1
17027.0,17
17029.0,17
17030.0,17
17031.0,21
17033.0,13
17034.0,21
17035.0,17
17037.0,17
17038.0,17
17040.0,17
17041.0,21
17042.0,17
17043.0,17
17044.0,1
17045.0,21
17046.0,17
17047.0,17
17048.0,21
17049.0,0
17050.0,17
17051.0,17
17052.0,17
17053.0,17
17054.0,17
17058.0,17
17059.0,17
17060.0,17
17061.0,0
17062.0,17
17063.0,21
17064.0,21
17065.0,17
17068.0,0
17069.0,17
17070.0,17
17071.0,17
17073.0,17
17075.0,21
17076.0,13
17078.0,17
17079.0,17
17080.0,1
17081.0,17
17082.0,21
17083.0,21
17084.0,17
17085.0,17
17086.0,17
17088.0,17
17090.0,21
17091.0,17
17092.0,17
17094.0,17
17095.0,21
17096.0,21
17097.0,1
17100.0,17
17101.0,21
17102.0,17
17105.0,17
17107.0,0
17109.0,17
17110.0,17
17111.0,17
17114.0,17
17115.0,21
17117.0,17
17118.0,17
17119.0,17
17120.0,17
17122.0,17
17123.0,17
17124.0,17
17125.0,17
17126.0,17
17128.0,17
17131.0,17
17133.0,0
17134.0,21
17135.0,21
17138.0,17
17139.0,0
17140.0,17
17142.0,17
17144.0,17
17146.0,21
17147.0,21
17148.0,17
17152.0,21
17153.0,17
17154.0,17
17155.0,21
17157.0,13
17158.0,21
17159.0,17
17160.0,17
17162.0,17
17163.0,13
17164.0,17
17165.0,17
17166.0,13
17169.0,17
17171.0,17
17172.0,17
17173.0,0
17174.0,17
17175.0,21
17176.0,17
17179.0,17
17180.0,17
17181.0,13
17183.0,17
17186.0,21
17187.0,17
17188.0,21
17189.0,21
17190.0,21
17191.0,17
17193.0,21
17194.0,21
17197.0,17
17198.0,21
17201.0,17
17203.0,0
17204.0,17
17205.0,17
17206.0,17
17211.0,17
17212.0,17
17213.0,17
17214.0,17
17217.0,17
17218.0,17
17219.0,17
17220.0,17
17221.0,17
17222.0,17
17223.0,17
17226.0,17
17227.0,21
17228.0,17
17229.0,17
17230.0,17
17231.0,17
17232.0,17
17233.0,17
17234.0,17
17235.0,13
17236.0,21
17237.0,17
17238.0,17
17239.0,17
17242.0,17
17243.0,0
17244.0,17
17245.0,17
17247.0,17
17248.0,17
17250.0,21
17251.0,17
17252.0,17
17253.0,17
17254.0,17
17255.0,21
17256.0,13
17259.0,17
17262.0,1
17263.0,17
17265.0,17
17266.0,17
17267.0,17
17268.0,1
17272.0,17
17274.0,17
17277.0,17
17278.0,17
17279.0,17
17282.0,17
17284.0,17
17286.0,17
17287.0,17
17288.0,17
17289.0,17
17290.0,17
17291.0,0
17293.0,17
17295.0,17
17297.0,17
17298.0,17
17299.0,21
17301.0,17
17302.0,21
17303.0,17
17306.0,0
17307.0,17
17309.0,17
17311.0,21
17312.0,17
17313.0,0
17314.0,17
17315.0,0
17317.0,0
17320.0,21
17321.0,17
17323.0,17
17324.0,21
17325.0,17
17329.0,21
17330.0,21
17331.0,17
17333.0,17
17334.0,17
17337.0,17
17338.0,0
17339.0,1
17340.0,0
17341.0,17
17343.0,17
17344.0,17
17345.0,17
17346.0,17
17347.0,0
17348.0,17
17349.0,17
17350.0,17
17351.0,21
17353.0,0
17354.0,17
17356.0,17
17357.0,17
17358.0,17
17359.0,17
17360.0,17
17361.0,21
17362.0,17
17364.0,0
17365.0,0
17367.0,17
17368.0,17
17370.0,21
17371.0,21
17372.0,17
17373.0,21
17374.0,17
17375.0,17
17376.0,13
17377.0,17
17379.0,17
17381.0,0
17382.0,17
17383.0,17
17384.0,13
17385.0,17
17386.0,21
17387.0,17
17388.0,13
17389.0,17
17391.0,0
17392.0,17
17394.0,17
17396.0,0
17397.0,17
17398.0,21
17400.0,17
17402.0,21
17403.0,17
17404.0,17
17405.0,17
17406.0,17
17408.0,17
17409.0,21
17410.0,21
17411.0,21
17412.0,21
17414.0,1
17415.0,17
17416.0,0
17418.0,21
17419.0,17
17420.0,13
17422.0,17
17423.0,21
17425.0,17
17426.0,0
17427.0,17
17428.0,0
17429.0,17
17430.0,1
17431.0,17
17432.0,17
17433.0,17
17434.0,17
17436.0,1
17438.0,17
17440.0,13
17442.0,17
17443.0,1
17444.0,1
17446.0,13
17447.0,17
17448.0,21
17449.0,17
17450.0,21
17451.0,17
17453.0,17
17454.0,17
17455.0,17
17456.0,17
17457.0,13
17458.0,17
17459.0,17
17460.0,21
17461.0,17
17462.0,21
17463.0,17
17464.0,17
17466.0,17
17468.0,17
17469.0,17
17470.0,21
17472.0,17
17475.0,17
17480.0,17
17481.0,17
17483.0,21
17486.0,17
17489.0,21
17490.0,17
17491.0,21
17492.0,17
17495.0,17
17496.0,17
17498.0,17
17499.0,17
17500.0,0
17501.0,17
17502.0,17
17503.0,17
17504.0,17
17505.0,17
17506.0,17
17507.0,17
17508.0,1
17509.0,0
17510.0,17
17511.0,13
17512.0,17
17513.0,17
17514.0,17
17515.0,21
17516.0,17
17517.0,17
17519.0,21
17520.0,17
17521.0,21
17522.0,21
17523.0,17
17524.0,17
17525.0,17
17526.0,13
17527.0,21
17528.0,17
17530.0,17
17531.0,21
17534.0,17
17535.0,17
17536.0,17
17537.0,21
17538.0,17
17540.0,13
17542.0,17
17545.0,17
17547.0,17
17548.0,21
17549.0,21
17550.0,17
17551.0,17
17552.0,21
17553.0,1
17554.0,17
17555.0,21
17556.0,17
17557.0,17
17560.0,21
17561.0,17
17562.0,17
17564.0,17
17566.0,17
17567.0,17
17569.0,17
17571.0,17
17572.0,1
17573.0,17
17574.0,17
17576.0,17
17578.0,21
17579.0,21
17580.0,17
17581.0,0
17582.0,17
17584.0,21
17585.0,17
17588.0,21
17589.0,17
17590.0,17
17591.0,17
17593.0,17
17594.0,21
17595.0,17
17596.0,17
17597.0,17
17600.0,17
17601.0,17
17602.0,0
17603.0,13
17604.0,17
17608.0,17
17609.0,17
17611.0,17
17612.0,17
17613.0,0
17614.0,17
17615.0,21
17616.0,17
17618.0,21
17619.0,17
17620.0,17
17621.0,13
17623.0,17
17624.0,21
17625.0,17
17628.0,17
17629.0,17
17630.0,17
17631.0,21
17633.0,21
17634.0,17
17636.0,17
17637.0,17
17639.0,17
17640.0,17
17642.0,17
17643.0,17
17644.0,17
17646.0,17
17647.0,17
17648.0,17
17649.0,17
17650.0,17
17651.0,17
17652.0,0
17653.0,17
17654.0,17
17655.0,21
17656.0,17
17658.0,21
17659.0,17
17660.0,17
17663.0,21
17664.0,21
17666.0,21
17667.0,17
17668.0,17
17669.0,21
17670.0,17
17671.0,21
17672.0,17
17673.0,17
17674.0,13
17675.0,0
17676.0,21
17677.0,0
17678.0,17
17679.0,17
17680.0,17
17682.0,21
17684.0,17
17685.0,21
17686.0,0
17690.0,0
17691.0,17
17692.0,21
17693.0,17
17694.0,17
17695.0,17
17696.0,17
17697.0,17
17698.0,17
17700.0,17
17701.0,17
17702.0,21
17703.0,17
17704.0,17
17705.0,17
17706.0,0
17707.0,1
17708.0,21
17709.0,17
17711.0,13
17712.0,17
17714.0,17
17715.0,0
17716.0,0
17718.0,17
17719.0,0
17720.0,21
17722.0,17
17723.0,0
17724.0,17
17725.0,17
17727.0,17
17728.0,17
17730.0,0
17731.0,17
17732.0,17
17733.0,21
17734.0,21
17735.0,0
17736.0,21
17737.0,21
17738.0,17
17739.0,21
17742.0,13
17744.0,17
17746.0,17
17747.0,21
17749.0,17
17750.0,17
17752.0,0
17754.0,21
17757.0,0
17758.0,17
17759.0,17
17760.0,13
17761.0,17
17763.0,17
17764.0,17
17765.0,17
17767.0,17
17768.0,17
17769.0,17
17770.0,17
17771.0,21
17772.0,17
17774.0,17
17775.0,17
17777.0,17
17779.0,17
17781.0,21
17783.0,17
17785.0,17
17786.0,21
17787.0,17
17788.0,0
17789.0,17
17790.0,17
17791.0,17
17793.0,17
17795.0,17
17796.0,21
17797.0,17
17799.0,17
17800.0,17
17802.0,17
17805.0,17
17806.0,17
17809.0,21
17811.0,0
17812.0,17
17813.0,17
17816.0,13
17817.0,21
17819.0,21
17820.0,1
17824.0,17
17827.0,17
17828.0,1
17829.0,1
17830.0,13
17831.0,17
17832.0,17
17835.0,17
17836.0,17
17837.0,17
17838.0,17
17839.0,17
17841.0,17
17843.0,17
17844.0,1
17846.0,21
17848.0,21
17849.0,21
17850.0,0
17852.0,17
17854.0,17
17855.0,17
17856.0,13
17857.0,1
17858.0,0
17859.0,17
17860.0,17
17861.0,17
17862.0,17
17863.0,17
17864.0,17
17865.0,0
17866.0,17
17867.0,21
17869.0,21
17870.0,17
17871.0,17
17873.0,21
17874.0,17
17877.0,17
17878.0,17
17879.0,17
17880.0,17
17881.0,17
17883.0,17
17884.0,21
17885.0,17
17886.0,17
17887.0,17
17888.0,21
17889.0,21
17890.0,17
17891.0,17
17892.0,21
17893.0,17
17894.0,17
17895.0,17
17896.0,0
17897.0,17
17898.0,21
17899.0,17
17900.0,17
17901.0,17
17904.0,17
17905.0,21
17906.0,17
17908.0,17
17911.0,17
17912.0,17
17913.0,21
17914.0,17
17917.0,21
17919.0,17
17920.0,17
17921.0,17
17923.0,0
17924.0,13
17925.0,0
17926.0,21
17928.0,21
17929.0,1
17930.0,21
17931.0,17
17932.0,17
17934.0,17
17935.0,17
17936.0,17
17937.0,21
17939.0,17
17940.0,0
17941.0,0
17942.0,17
17946.0,17
17947.0,17
17948.0,0
17949.0,17
17950.0,21
17951.0,13
17954.0,17
17955.0,17
17956.0,17
17957.0,17
17958.0,17
17960.0,17
17961.0,17
17962.0,17
17964.0,21
17965.0,17
17966.0,21
17967.0,17
17968.0,17
17969.0,13
17970.0,17
17972.0,17
17973.0,17
17974.0,17
17975.0,0
17976.0,17
17977.0,17
17978.0,17
17979.0,17
17980.0,21
17984.0,17
17985.0,17
17986.0,17
17987.0,17
17988.0,21
17990.0,21
17991.0,17
17994.0,17
17995.0,17
17997.0,17
17999.0,21
18001.0,17
18004.0,17
18005.0,17
18006.0,17
18008.0,21
18009.0,17
18010.0,17
18011.0,17
18013.0,17
18014.0,17
18015.0,17
18016.0,17
18017.0,17
18018.0,21
18019.0,17
18022.0,17
18024.0,17
18027.0,17
18030.0,21
18032.0,17
18033.0,17
18034.0,17
18035.0,17
18036.0,17
18037.0,13
18040.0,13
18041.0,17
18042.0,17
18043.0,17
18044.0,17
18045.0,17
18048.0,17
18050.0,17
18053.0,17
18055.0,0
18056.0,17
18058.0,17
18059.0,17
18061.0,21
18062.0,21
18064.0,13
18065.0,17
18066.0,17
18067.0,17
18068.0,17
18069.0,17
18071.0,21
18072.0,17
18073.0,0
18074.0,17
18075.0,17
18077.0,17
18078.0,17
18079.0,0
18080.0,13
18081.0,21
18082.0,17
18084.0,13
18085.0,17
18086.0,17
18087.0,1
18088.0,17
18092.0,0
18093.0,21
18094.0,21
18095.0,17
18096.0,17
18097.0,21
18099.0,17
18101.0,21
18102.0,0
18104.0,17
18105.0,17
18106.0,17
18108.0,17
18109.0,0
18110.0,17
18112.0,21
18113.0,17
18114.0,17
18116.0,17
18117.0,17
18118.0,0
18119.0,17
18120.0,17
18121.0,17
18122.0,17
18123.0,17
18125.0,17
18126.0,17
18127.0,17
18129.0,17
18130.0,17
18133.0,0
18135.0,21
18136.0,21
18138.0,17
18139.0,0
18141.0,17
18142.0,21
18143.0,17
18144.0,21
18145.0,17
18146.0,21
18147.0,21
18149.0,13
18150.0,21
18151.0,21
18154.0,17
18155.0,21
18156.0,17
18158.0,17
18159.0,17
18160.0,21
18161.0,21
18164.0,17
18165.0,17
18167.0,17
18168.0,17
18169.0,17
18170.0,21
18171.0,21
18172.0,0
18173.0,21
18174.0,17
18176.0,17
18177.0,21
18178.0,17
18179.0,21
18180.0,17
18181.0,17
18183.0,17
18184.0,17
18185.0,17
18188.0,21
18189.0,17
18190.0,21
18191.0,17
18192.0,17
18193.0,13
18194.0,17
18196.0,17
18198.0,0
18200.0,17
18202.0,17
18203.0,17
18204.0,17
18205.0,17
18209.0,17
18210.0,17
18211.0,21
18212.0,17
18213.0,17
18215.0,17
18216.0,17
18217.0,17
18218.0,21
18219.0,21
18220.0,17
18221.0,21
18222.0,17
18223.0,0
18224.0,17
18225.0,0
18226.0,0
18227.0,17
18228.0,17
18229.0,0
18230.0,21
18231.0,17
18232.0,17
18233.0,0
18235.0,17
18236.0,21
18237.0,17
18239.0,17
18240.0,17
18241.0,17
18242.0,17
18245.0,17
18246.0,17
18248.0,17
18249.0,17
18250.0,17
18251.0,1
18252.0,17
18255.0,17
18256.0,17
18257.0,17
18259.0,21
18260.0,17
18261.0,17
18262.0,17
18263.0,21
18265.0,17
18268.0,17
18269.0,17
18270.0,13
18272.0,17
18273.0,17
18274.0,17
18276.0,17
18277.0,1
18278.0,17
18280.0,17
18281.0,17
18282.0,21
18283.0,17
18287.0,17
